date,city,temperature,rain,humidity
2024-01-01,New York,38.8,0,57.6
2024-01-01,Los Angeles,48.1,0,62.9
2024-01-01,Chicago,40.8,0,71.5
2024-01-01,Miami,56.2,1,64.5
2024-01-01,Seattle,35.5,1,48.8
2024-01-02,New York,42.8,0,67.3
2024-01-02,Los Angeles,49.2,0,46.7
2024-01-02,Chicago,29.1,0,54.7
2024-01-02,Miami,53.6,1,41.6
2024-01-02,Seattle,32.8,1,55.4
2024-01-03,New York,44.5,0,41.3
2024-01-03,Los Angeles,57.8,0,77.7
2024-01-03,Chicago,34.7,1,52.3
2024-01-03,Miami,64.5,0,51.6
2024-01-03,Seattle,35.0,0,69.0
2024-01-04,New York,48.6,0,50.5
2024-01-04,Los Angeles,58.0,0,63.0
2024-01-04,Chicago,27.0,0,63.3
2024-01-04,Miami,61.1,0,40.5
2024-01-04,Seattle,31.0,1,44.3
2024-01-05,New York,33.8,1,70.4
2024-01-05,Los Angeles,51.2,0,59.7
2024-01-05,Chicago,40.9,0,65.3
2024-01-05,Miami,63.6,0,45.6
2024-01-05,Seattle,45.8,0,79.7
2024-01-06,New York,44.6,0,78.0
2024-01-06,Los Angeles,64.8,0,65.4
2024-01-06,Chicago,40.9,0,47.0
2024-01-06,Miami,61.6,0,56.2
2024-01-06,Seattle,40.4,1,76.7
2024-01-07,New York,34.7,0,52.6
2024-01-07,Los Angeles,50.9,0,70.9
2024-01-07,Chicago,30.1,0,47.4
2024-01-07,Miami,66.5,0,58.8
2024-01-07,Seattle,29.6,0,41.7
2024-01-08,New York,47.6,0,62.7
2024-01-08,Los Angeles,53.3,0,51.2
2024-01-08,Chicago,27.9,1,68.3
2024-01-08,Miami,65.0,0,43.2
2024-01-08,Seattle,44.3,1,58.0
2024-01-09,New York,33.5,1,50.9
2024-01-09,Los Angeles,56.3,0,53.6
2024-01-09,Chicago,32.8,1,72.5
2024-01-09,Miami,57.9,1,75.7
2024-01-09,Seattle,39.9,0,64.7
2024-01-10,New York,40.5,1,44.9
2024-01-10,Los Angeles,54.8,0,67.0
2024-01-10,Chicago,41.7,1,60.6
2024-01-10,Miami,63.4,0,74.6
2024-01-10,Seattle,32.8,0,43.5
2024-01-11,New York,39.5,0,58.1
2024-01-11,Los Angeles,60.9,0,69.2
2024-01-11,Chicago,43.9,0,43.6
2024-01-11,Miami,68.0,0,49.7
2024-01-11,Seattle,33.1,1,56.1
2024-01-12,New York,43.6,0,49.1
2024-01-12,Los Angeles,61.8,0,51.2
2024-01-12,Chicago,39.2,0,63.2
2024-01-12,Miami,69.2,0,69.3
2024-01-12,Seattle,35.5,0,72.3
2024-01-13,New York,46.6,1,54.8
2024-01-13,Los Angeles,51.2,0,66.4
2024-01-13,Chicago,32.5,1,44.1
2024-01-13,Miami,64.6,1,78.1
2024-01-13,Seattle,34.5,1,65.6
2024-01-14,New York,45.0,0,62.4
2024-01-14,Los Angeles,66.9,1,60.3
2024-01-14,Chicago,37.5,0,58.5
2024-01-14,Miami,68.7,1,41.7
2024-01-14,Seattle,44.0,0,73.0
2024-01-15,New York,32.0,1,67.7
2024-01-15,Los Angeles,52.5,0,59.5
2024-01-15,Chicago,33.4,0,40.8
2024-01-15,Miami,56.0,0,73.2
2024-01-15,Seattle,46.9,0,73.4
2024-01-16,New York,30.6,0,46.8
2024-01-16,Los Angeles,54.5,0,62.6
2024-01-16,Chicago,37.0,1,71.6
2024-01-16,Miami,64.4,0,45.8
2024-01-16,Seattle,42.4,1,61.0
2024-01-17,New York,35.9,1,67.4
2024-01-17,Los Angeles,61.9,1,75.5
2024-01-17,Chicago,38.0,1,77.2
2024-01-17,Miami,56.5,0,64.0
2024-01-17,Seattle,41.8,1,52.1
2024-01-18,New York,38.7,0,45.7
2024-01-18,Los Angeles,47.4,0,42.0
2024-01-18,Chicago,30.2,1,53.9
2024-01-18,Miami,72.4,1,50.9
2024-01-18,Seattle,36.9,1,78.1
2024-01-19,New York,38.8,0,48.1
2024-01-19,Los Angeles,62.0,0,77.3
2024-01-19,Chicago,31.8,1,75.1
2024-01-19,Miami,62.6,0,71.6
2024-01-19,Seattle,43.3,1,71.8
2024-01-20,New York,40.7,1,61.6
2024-01-20,Los Angeles,49.0,0,46.2
2024-01-20,Chicago,37.5,0,73.1
2024-01-20,Miami,56.5,0,62.2
2024-01-20,Seattle,41.5,0,45.5
2024-01-21,New York,44.2,0,46.4
2024-01-21,Los Angeles,47.1,0,58.8
2024-01-21,Chicago,32.9,0,44.9
2024-01-21,Miami,61.1,0,50.3
2024-01-21,Seattle,42.3,1,66.6
2024-01-22,New York,40.3,0,51.2
2024-01-22,Los Angeles,48.2,0,78.7
2024-01-22,Chicago,34.2,0,50.3
2024-01-22,Miami,64.5,0,62.5
2024-01-22,Seattle,46.9,1,74.5
2024-01-23,New York,48.1,0,60.9
2024-01-23,Los Angeles,60.5,0,75.3
2024-01-23,Chicago,27.2,1,59.1
2024-01-23,Miami,57.6,1,44.7
2024-01-23,Seattle,33.2,1,40.3
2024-01-24,New York,39.4,1,66.4
2024-01-24,Los Angeles,64.1,0,52.9
2024-01-24,Chicago,42.9,0,60.0
2024-01-24,Miami,56.6,1,44.3
2024-01-24,Seattle,36.6,0,54.2
2024-01-25,New York,46.2,1,61.4
2024-01-25,Los Angeles,64.5,0,53.4
2024-01-25,Chicago,41.4,0,41.6
2024-01-25,Miami,67.4,0,50.7
2024-01-25,Seattle,42.1,0,56.1
2024-01-26,New York,48.6,0,76.0
2024-01-26,Los Angeles,59.2,0,75.7
2024-01-26,Chicago,39.9,0,40.6
2024-01-26,Miami,54.4,0,58.9
2024-01-26,Seattle,28.0,1,59.4
2024-01-27,New York,45.9,1,58.8
2024-01-27,Los Angeles,56.9,0,45.9
2024-01-27,Chicago,32.1,0,43.6
2024-01-27,Miami,54.1,0,74.5
2024-01-27,Seattle,45.9,1,57.7
2024-01-28,New York,37.6,1,72.0
2024-01-28,Los Angeles,62.4,0,44.0
2024-01-28,Chicago,32.3,0,57.9
2024-01-28,Miami,61.7,0,46.3
2024-01-28,Seattle,27.9,1,57.1
2024-01-29,New York,30.3,0,54.9
2024-01-29,Los Angeles,66.2,0,74.5
2024-01-29,Chicago,42.3,1,46.2
2024-01-29,Miami,69.5,0,68.8
2024-01-29,Seattle,32.2,1,41.6
2024-01-30,New York,35.3,1,72.6
2024-01-30,Los Angeles,54.8,0,69.5
2024-01-30,Chicago,30.9,0,43.4
2024-01-30,Miami,62.9,1,75.7
2024-01-30,Seattle,31.9,0,45.5
2024-01-31,New York,49.7,0,77.4
2024-01-31,Los Angeles,50.0,0,69.8
2024-01-31,Chicago,25.3,0,67.8
2024-01-31,Miami,60.0,1,73.4
2024-01-31,Seattle,33.7,0,42.8
2024-02-01,New York,44.8,0,48.2
2024-02-01,Los Angeles,60.9,0,73.4
2024-02-01,Chicago,38.1,1,67.2
2024-02-01,Miami,72.8,1,58.0
2024-02-01,Seattle,34.1,1,45.5
2024-02-02,New York,41.5,1,79.0
2024-02-02,Los Angeles,52.1,0,40.4
2024-02-02,Chicago,27.0,1,75.9
2024-02-02,Miami,68.3,0,72.6
2024-02-02,Seattle,42.8,0,41.0
2024-02-03,New York,30.2,0,69.8
2024-02-03,Los Angeles,53.8,0,50.4
2024-02-03,Chicago,36.4,0,47.1
2024-02-03,Miami,68.7,0,74.4
2024-02-03,Seattle,42.4,1,74.3
2024-02-04,New York,45.7,0,42.3
2024-02-04,Los Angeles,61.7,1,73.6
2024-02-04,Chicago,39.9,0,42.5
2024-02-04,Miami,71.6,0,57.3
2024-02-04,Seattle,35.6,1,46.2
2024-02-05,New York,35.5,0,74.4
2024-02-05,Los Angeles,54.5,0,55.6
2024-02-05,Chicago,30.6,1,46.3
2024-02-05,Miami,68.8,1,69.3
2024-02-05,Seattle,42.7,0,67.4
2024-02-06,New York,48.2,0,70.7
2024-02-06,Los Angeles,50.5,0,68.5
2024-02-06,Chicago,32.3,1,54.2
2024-02-06,Miami,68.9,1,55.8
2024-02-06,Seattle,46.9,0,72.0
2024-02-07,New York,49.1,1,52.1
2024-02-07,Los Angeles,48.9,0,75.5
2024-02-07,Chicago,43.5,0,60.7
2024-02-07,Miami,64.6,1,48.7
2024-02-07,Seattle,34.2,1,53.2
2024-02-08,New York,42.9,0,41.3
2024-02-08,Los Angeles,66.9,0,44.0
2024-02-08,Chicago,39.1,0,45.1
2024-02-08,Miami,68.6,0,75.4
2024-02-08,Seattle,33.9,0,73.5
2024-02-09,New York,38.6,0,73.8
2024-02-09,Los Angeles,55.2,0,60.3
2024-02-09,Chicago,38.1,0,48.4
2024-02-09,Miami,55.8,0,71.9
2024-02-09,Seattle,46.3,1,79.4
2024-02-10,New York,30.2,1,65.1
2024-02-10,Los Angeles,49.2,0,59.5
2024-02-10,Chicago,29.9,0,51.7
2024-02-10,Miami,60.8,0,76.7
2024-02-10,Seattle,28.6,0,56.9
2024-02-11,New York,49.1,1,41.3
2024-02-11,Los Angeles,57.7,1,43.4
2024-02-11,Chicago,27.4,1,44.7
2024-02-11,Miami,71.2,1,52.2
2024-02-11,Seattle,44.3,1,61.1
2024-02-12,New York,45.6,1,78.3
2024-02-12,Los Angeles,47.8,0,49.9
2024-02-12,Chicago,29.6,0,64.5
2024-02-12,Miami,70.1,1,46.8
2024-02-12,Seattle,40.0,1,56.5
2024-02-13,New York,31.2,1,76.5
2024-02-13,Los Angeles,51.9,1,58.2
2024-02-13,Chicago,40.0,1,69.5
2024-02-13,Miami,54.7,1,72.8
2024-02-13,Seattle,34.6,1,77.8
2024-02-14,New York,37.6,0,68.2
2024-02-14,Los Angeles,49.5,1,43.2
2024-02-14,Chicago,43.0,0,48.6
2024-02-14,Miami,72.9,1,57.2
2024-02-14,Seattle,31.5,1,58.1
2024-02-15,New York,32.8,0,53.2
2024-02-15,Los Angeles,65.1,0,66.3
2024-02-15,Chicago,33.5,0,40.2
2024-02-15,Miami,70.6,1,53.0
2024-02-15,Seattle,27.2,1,40.1
2024-02-16,New York,44.9,0,46.2
2024-02-16,Los Angeles,62.9,1,58.6
2024-02-16,Chicago,27.8,1,69.0
2024-02-16,Miami,55.5,0,80.0
2024-02-16,Seattle,27.2,0,65.5
2024-02-17,New York,32.7,0,50.2
2024-02-17,Los Angeles,60.3,0,68.1
2024-02-17,Chicago,29.7,0,51.0
2024-02-17,Miami,69.9,0,63.6
2024-02-17,Seattle,43.5,0,50.0
2024-02-18,New York,30.0,0,73.2
2024-02-18,Los Angeles,56.3,0,66.4
2024-02-18,Chicago,33.5,0,79.4
2024-02-18,Miami,60.0,0,40.8
2024-02-18,Seattle,44.6,1,50.6
2024-02-19,New York,30.8,1,51.0
2024-02-19,Los Angeles,50.3,0,53.5
2024-02-19,Chicago,32.4,1,53.3
2024-02-19,Miami,70.7,1,53.3
2024-02-19,Seattle,44.1,1,64.5
2024-02-20,New York,37.5,1,57.5
2024-02-20,Los Angeles,55.4,0,45.6
2024-02-20,Chicago,29.4,1,66.9
2024-02-20,Miami,62.8,0,62.6
2024-02-20,Seattle,29.4,0,67.2
2024-02-21,New York,32.1,0,51.9
2024-02-21,Los Angeles,51.1,0,66.2
2024-02-21,Chicago,41.4,0,74.1
2024-02-21,Miami,58.7,1,72.4
2024-02-21,Seattle,46.1,1,60.5
2024-02-22,New York,36.5,0,46.0
2024-02-22,Los Angeles,50.8,1,57.8
2024-02-22,Chicago,34.3,1,80.0
2024-02-22,Miami,64.4,1,65.5
2024-02-22,Seattle,46.1,0,56.4
2024-02-23,New York,30.3,0,65.7
2024-02-23,Los Angeles,48.3,0,71.7
2024-02-23,Chicago,34.4,0,50.0
2024-02-23,Miami,59.1,1,47.8
2024-02-23,Seattle,29.2,1,72.7
2024-02-24,New York,38.6,0,62.9
2024-02-24,Los Angeles,58.2,0,73.0
2024-02-24,Chicago,39.7,0,71.2
2024-02-24,Miami,54.9,1,53.9
2024-02-24,Seattle,29.7,1,64.0
2024-02-25,New York,45.0,0,59.1
2024-02-25,Los Angeles,62.1,0,60.6
2024-02-25,Chicago,30.3,1,43.0
2024-02-25,Miami,54.4,0,54.6
2024-02-25,Seattle,40.6,0,48.8
2024-02-26,New York,38.7,0,78.6
2024-02-26,Los Angeles,56.7,0,46.2
2024-02-26,Chicago,42.7,0,42.2
2024-02-26,Miami,54.2,0,44.5
2024-02-26,Seattle,28.2,1,40.5
2024-02-27,New York,46.3,1,48.2
2024-02-27,Los Angeles,54.1,1,64.4
2024-02-27,Chicago,41.7,0,49.0
2024-02-27,Miami,62.4,0,56.7
2024-02-27,Seattle,31.8,1,58.4
2024-02-28,New York,47.7,0,55.8
2024-02-28,Los Angeles,50.9,0,61.9
2024-02-28,Chicago,36.5,1,54.3
2024-02-28,Miami,58.7,0,61.9
2024-02-28,Seattle,28.0,1,72.5
2024-02-29,New York,31.5,1,79.2
2024-02-29,Los Angeles,61.6,0,49.4
2024-02-29,Chicago,33.7,0,59.1
2024-02-29,Miami,62.2,1,76.8
2024-02-29,Seattle,44.2,1,59.6
2024-03-01,New York,61.9,0,69.7
2024-03-01,Los Angeles,72.4,0,61.6
2024-03-01,Chicago,52.8,0,59.4
2024-03-01,Miami,88.0,0,63.1
2024-03-01,Seattle,43.3,0,77.7
2024-03-02,New York,48.7,0,71.0
2024-03-02,Los Angeles,75.3,0,62.8
2024-03-02,Chicago,59.6,0,68.5
2024-03-02,Miami,84.3,1,73.3
2024-03-02,Seattle,44.3,0,66.1
2024-03-03,New York,60.2,1,72.1
2024-03-03,Los Angeles,71.2,0,79.1
2024-03-03,Chicago,52.7,0,64.1
2024-03-03,Miami,85.3,0,51.7
2024-03-03,Seattle,43.0,0,65.6
2024-03-04,New York,60.9,1,69.4
2024-03-04,Los Angeles,79.6,0,60.5
2024-03-04,Chicago,49.8,1,66.0
2024-03-04,Miami,85.9,1,45.2
2024-03-04,Seattle,46.6,0,52.3
2024-03-05,New York,52.3,0,51.4
2024-03-05,Los Angeles,74.7,0,76.7
2024-03-05,Chicago,42.6,0,42.0
2024-03-05,Miami,78.6,0,79.7
2024-03-05,Seattle,61.3,0,68.3
2024-03-06,New York,45.9,0,72.3
2024-03-06,Los Angeles,75.4,0,74.8
2024-03-06,Chicago,58.4,1,46.5
2024-03-06,Miami,78.6,1,72.6
2024-03-06,Seattle,58.5,1,60.7
2024-03-07,New York,46.8,0,45.5
2024-03-07,Los Angeles,74.4,0,58.9
2024-03-07,Chicago,53.7,0,55.8
2024-03-07,Miami,79.4,1,75.2
2024-03-07,Seattle,57.4,0,61.4
2024-03-08,New York,53.1,0,48.9
2024-03-08,Los Angeles,71.5,0,51.1
2024-03-08,Chicago,42.2,0,60.3
2024-03-08,Miami,87.5,0,53.1
2024-03-08,Seattle,49.3,1,67.8
2024-03-09,New York,52.4,0,76.8
2024-03-09,Los Angeles,81.4,0,51.6
2024-03-09,Chicago,45.2,0,64.9
2024-03-09,Miami,81.4,1,48.6
2024-03-09,Seattle,57.6,0,75.1
2024-03-10,New York,50.4,1,56.2
2024-03-10,Los Angeles,71.8,0,77.9
2024-03-10,Chicago,55.6,0,56.9
2024-03-10,Miami,69.0,0,57.7
2024-03-10,Seattle,51.3,1,44.9
2024-03-11,New York,59.7,0,46.9
2024-03-11,Los Angeles,71.5,0,50.4
2024-03-11,Chicago,51.8,1,62.3
2024-03-11,Miami,75.6,0,79.8
2024-03-11,Seattle,52.1,0,49.9
2024-03-12,New York,61.8,0,52.0
2024-03-12,Los Angeles,78.1,0,78.5
2024-03-12,Chicago,49.6,0,67.0
2024-03-12,Miami,81.5,1,42.2
2024-03-12,Seattle,53.3,0,45.4
2024-03-13,New York,62.0,0,70.9
2024-03-13,Los Angeles,68.8,0,43.9
2024-03-13,Chicago,49.0,0,75.1
2024-03-13,Miami,76.6,0,69.1
2024-03-13,Seattle,57.4,0,45.5
2024-03-14,New York,51.2,0,42.4
2024-03-14,Los Angeles,74.0,0,42.4
2024-03-14,Chicago,40.4,1,46.7
2024-03-14,Miami,73.5,0,79.9
2024-03-14,Seattle,53.7,1,62.1
2024-03-15,New York,51.5,0,70.3
2024-03-15,Los Angeles,64.1,0,55.3
2024-03-15,Chicago,42.6,0,49.2
2024-03-15,Miami,82.0,1,77.7
2024-03-15,Seattle,43.7,0,43.2
2024-03-16,New York,50.8,0,50.6
2024-03-16,Los Angeles,71.6,0,55.7
2024-03-16,Chicago,50.3,0,45.7
2024-03-16,Miami,68.8,1,72.8
2024-03-16,Seattle,54.8,1,76.4
2024-03-17,New York,48.0,1,61.1
2024-03-17,Los Angeles,66.8,0,78.0
2024-03-17,Chicago,44.0,0,67.1
2024-03-17,Miami,71.4,0,69.0
2024-03-17,Seattle,60.5,1,79.8
2024-03-18,New York,57.8,0,70.5
2024-03-18,Los Angeles,73.6,0,60.7
2024-03-18,Chicago,44.4,0,55.0
2024-03-18,Miami,76.2,0,46.4
2024-03-18,Seattle,45.5,1,71.1
2024-03-19,New York,59.5,0,68.0
2024-03-19,Los Angeles,67.4,0,69.6
2024-03-19,Chicago,49.1,0,74.6
2024-03-19,Miami,81.7,0,61.5
2024-03-19,Seattle,47.9,0,44.7
2024-03-20,New York,46.7,1,65.3
2024-03-20,Los Angeles,80.6,0,53.1
2024-03-20,Chicago,59.0,0,54.5
2024-03-20,Miami,83.4,0,72.8
2024-03-20,Seattle,45.1,1,41.4
2024-03-21,New York,57.5,0,79.0
2024-03-21,Los Angeles,81.8,0,40.2
2024-03-21,Chicago,41.0,0,76.9
2024-03-21,Miami,86.0,1,57.9
2024-03-21,Seattle,56.7,1,62.7
2024-03-22,New York,58.1,1,61.8
2024-03-22,Los Angeles,73.7,0,46.3
2024-03-22,Chicago,50.0,1,45.6
2024-03-22,Miami,74.5,0,63.2
2024-03-22,Seattle,45.6,0,72.5
2024-03-23,New York,54.5,0,59.6
2024-03-23,Los Angeles,62.9,0,51.4
2024-03-23,Chicago,40.8,0,61.1
2024-03-23,Miami,77.9,1,71.1
2024-03-23,Seattle,46.5,1,69.4
2024-03-24,New York,62.5,0,45.4
2024-03-24,Los Angeles,81.2,0,46.9
2024-03-24,Chicago,46.1,0,44.0
2024-03-24,Miami,87.7,0,58.6
2024-03-24,Seattle,55.6,0,75.8
2024-03-25,New York,56.8,0,72.6
2024-03-25,Los Angeles,70.4,0,53.0
2024-03-25,Chicago,54.0,1,40.5
2024-03-25,Miami,78.7,1,43.8
2024-03-25,Seattle,54.7,1,71.4
2024-03-26,New York,60.5,1,55.3
2024-03-26,Los Angeles,64.7,0,64.7
2024-03-26,Chicago,42.2,1,42.1
2024-03-26,Miami,88.0,1,42.5
2024-03-26,Seattle,45.2,1,51.9
2024-03-27,New York,45.8,0,42.7
2024-03-27,Los Angeles,74.3,1,72.5
2024-03-27,Chicago,53.7,1,60.9
2024-03-27,Miami,72.4,1,52.7
2024-03-27,Seattle,51.2,0,42.6
2024-03-28,New York,46.5,0,49.1
2024-03-28,Los Angeles,80.7,0,62.2
2024-03-28,Chicago,42.2,0,76.5
2024-03-28,Miami,85.3,0,61.5
2024-03-28,Seattle,58.3,0,47.3
2024-03-29,New York,45.3,0,61.5
2024-03-29,Los Angeles,81.8,0,71.0
2024-03-29,Chicago,45.1,1,52.4
2024-03-29,Miami,76.5,0,74.7
2024-03-29,Seattle,51.9,0,69.7
2024-03-30,New York,63.4,0,52.3
2024-03-30,Los Angeles,69.6,0,61.9
2024-03-30,Chicago,43.1,1,55.1
2024-03-30,Miami,78.9,1,77.6
2024-03-30,Seattle,58.3,0,65.2
2024-03-31,New York,63.2,0,77.5
2024-03-31,Los Angeles,73.5,0,50.9
2024-03-31,Chicago,53.6,0,58.8
2024-03-31,Miami,87.6,0,63.6
2024-03-31,Seattle,42.1,1,78.0
2024-04-01,New York,49.9,1,48.2
2024-04-01,Los Angeles,76.2,0,78.4
2024-04-01,Chicago,55.8,0,67.2
2024-04-01,Miami,79.8,1,73.3
2024-04-01,Seattle,53.0,1,77.9
2024-04-02,New York,63.0,0,44.2
2024-04-02,Los Angeles,62.4,0,69.3
2024-04-02,Chicago,44.6,0,63.6
2024-04-02,Miami,68.5,1,69.9
2024-04-02,Seattle,44.4,1,48.9
2024-04-03,New York,48.6,0,47.4
2024-04-03,Los Angeles,67.5,0,45.1
2024-04-03,Chicago,59.0,0,70.0
2024-04-03,Miami,71.6,0,43.5
2024-04-03,Seattle,52.4,0,77.0
2024-04-04,New York,64.5,0,49.9
2024-04-04,Los Angeles,74.8,0,73.7
2024-04-04,Chicago,48.1,1,44.4
2024-04-04,Miami,84.9,0,56.5
2024-04-04,Seattle,45.0,1,77.8
2024-04-05,New York,54.8,0,77.4
2024-04-05,Los Angeles,67.9,0,52.1
2024-04-05,Chicago,49.4,0,78.0
2024-04-05,Miami,80.6,0,68.5
2024-04-05,Seattle,53.4,0,53.1
2024-04-06,New York,47.9,0,62.1
2024-04-06,Los Angeles,66.5,0,47.8
2024-04-06,Chicago,54.2,0,45.4
2024-04-06,Miami,84.0,0,77.0
2024-04-06,Seattle,56.8,1,58.1
2024-04-07,New York,55.9,0,77.6
2024-04-07,Los Angeles,65.0,0,46.7
2024-04-07,Chicago,44.6,1,55.9
2024-04-07,Miami,74.2,1,79.6
2024-04-07,Seattle,57.4,0,69.2
2024-04-08,New York,46.5,1,45.3
2024-04-08,Los Angeles,67.0,0,40.8
2024-04-08,Chicago,43.5,1,53.9
2024-04-08,Miami,70.7,0,79.5
2024-04-08,Seattle,61.7,0,64.5
2024-04-09,New York,57.1,1,75.5
2024-04-09,Los Angeles,78.1,0,56.3
2024-04-09,Chicago,48.4,0,41.2
2024-04-09,Miami,78.7,0,62.8
2024-04-09,Seattle,55.1,1,55.4
2024-04-10,New York,59.8,1,60.5
2024-04-10,Los Angeles,72.3,1,53.1
2024-04-10,Chicago,40.1,0,43.7
2024-04-10,Miami,74.7,1,47.7
2024-04-10,Seattle,46.9,0,79.9
2024-04-11,New York,60.3,1,67.4
2024-04-11,Los Angeles,63.3,0,73.6
2024-04-11,Chicago,53.2,0,47.5
2024-04-11,Miami,68.4,0,50.6
2024-04-11,Seattle,49.3,0,51.4
2024-04-12,New York,46.1,0,79.5
2024-04-12,Los Angeles,62.0,0,72.1
2024-04-12,Chicago,53.9,1,48.8
2024-04-12,Miami,74.6,0,40.0
2024-04-12,Seattle,56.7,0,42.0
2024-04-13,New York,61.0,1,66.0
2024-04-13,Los Angeles,69.5,0,62.6
2024-04-13,Chicago,58.6,0,53.2
2024-04-13,Miami,87.7,1,54.2
2024-04-13,Seattle,43.7,1,64.7
2024-04-14,New York,54.2,0,64.1
2024-04-14,Los Angeles,75.2,0,79.9
2024-04-14,Chicago,44.4,0,45.6
2024-04-14,Miami,87.8,0,51.5
2024-04-14,Seattle,60.8,1,61.2
2024-04-15,New York,48.6,0,72.3
2024-04-15,Los Angeles,78.6,0,76.2
2024-04-15,Chicago,51.7,1,57.5
2024-04-15,Miami,85.8,0,68.3
2024-04-15,Seattle,43.9,0,71.9
2024-04-16,New York,50.1,0,78.8
2024-04-16,Los Angeles,62.9,0,41.7
2024-04-16,Chicago,42.3,0,49.3
2024-04-16,Miami,79.3,1,44.6
2024-04-16,Seattle,59.9,0,76.1
2024-04-17,New York,46.7,0,47.8
2024-04-17,Los Angeles,65.4,0,76.7
2024-04-17,Chicago,49.8,1,42.0
2024-04-17,Miami,76.0,0,78.9
2024-04-17,Seattle,45.9,1,66.5
2024-04-18,New York,47.9,1,80.0
2024-04-18,Los Angeles,79.2,0,77.6
2024-04-18,Chicago,51.6,0,42.2
2024-04-18,Miami,79.4,1,69.8
2024-04-18,Seattle,50.1,0,75.4
2024-04-19,New York,51.9,0,40.5
2024-04-19,Los Angeles,74.4,0,50.5
2024-04-19,Chicago,41.9,0,49.3
2024-04-19,Miami,87.2,1,59.8
2024-04-19,Seattle,49.7,0,77.5
2024-04-20,New York,45.7,0,41.9
2024-04-20,Los Angeles,81.4,0,54.3
2024-04-20,Chicago,57.6,0,41.0
2024-04-20,Miami,74.1,0,65.5
2024-04-20,Seattle,46.6,1,55.2
2024-04-21,New York,61.9,0,77.4
2024-04-21,Los Angeles,65.1,0,70.3
2024-04-21,Chicago,50.5,1,70.3
2024-04-21,Miami,87.6,1,43.2
2024-04-21,Seattle,51.9,0,74.5
2024-04-22,New York,56.4,0,46.9
2024-04-22,Los Angeles,79.6,1,74.8
2024-04-22,Chicago,59.5,0,71.5
2024-04-22,Miami,79.1,1,55.8
2024-04-22,Seattle,51.0,1,56.1
2024-04-23,New York,56.4,0,79.6
2024-04-23,Los Angeles,79.3,0,48.0
2024-04-23,Chicago,48.8,1,46.0
2024-04-23,Miami,70.4,0,47.5
2024-04-23,Seattle,55.3,0,48.0
2024-04-24,New York,54.4,1,58.9
2024-04-24,Los Angeles,68.4,0,45.9
2024-04-24,Chicago,57.3,1,59.0
2024-04-24,Miami,87.4,1,57.8
2024-04-24,Seattle,51.5,1,70.3
2024-04-25,New York,60.7,0,58.8
2024-04-25,Los Angeles,70.7,0,64.1
2024-04-25,Chicago,54.9,1,42.1
2024-04-25,Miami,84.2,0,73.6
2024-04-25,Seattle,56.5,1,68.1
2024-04-26,New York,51.4,0,61.0
2024-04-26,Los Angeles,69.9,0,55.4
2024-04-26,Chicago,42.3,0,46.8
2024-04-26,Miami,82.0,1,61.8
2024-04-26,Seattle,43.4,0,77.9
2024-04-27,New York,53.7,1,78.0
2024-04-27,Los Angeles,81.4,0,68.5
2024-04-27,Chicago,57.1,0,60.6
2024-04-27,Miami,87.6,0,69.8
2024-04-27,Seattle,56.7,0,72.1
2024-04-28,New York,62.0,0,70.0
2024-04-28,Los Angeles,74.5,0,46.9
2024-04-28,Chicago,41.6,0,40.3
2024-04-28,Miami,74.7,0,78.3
2024-04-28,Seattle,43.4,0,75.6
2024-04-29,New York,61.5,0,69.7
2024-04-29,Los Angeles,69.4,0,52.6
2024-04-29,Chicago,59.2,0,71.3
2024-04-29,Miami,69.6,0,53.0
2024-04-29,Seattle,43.1,1,72.1
2024-04-30,New York,48.5,1,40.7
2024-04-30,Los Angeles,68.1,0,51.1
2024-04-30,Chicago,53.2,0,72.4
2024-04-30,Miami,85.7,0,55.8
2024-04-30,Seattle,50.8,0,55.2
2024-05-01,New York,54.9,0,61.9
2024-05-01,Los Angeles,67.2,0,75.8
2024-05-01,Chicago,45.4,1,70.2
2024-05-01,Miami,81.9,1,72.0
2024-05-01,Seattle,51.1,1,49.5
2024-05-02,New York,51.8,1,75.6
2024-05-02,Los Angeles,81.2,0,49.2
2024-05-02,Chicago,51.7,0,45.3
2024-05-02,Miami,78.9,0,54.1
2024-05-02,Seattle,50.3,1,77.6
2024-05-03,New York,49.9,0,61.9
2024-05-03,Los Angeles,74.2,0,60.5
2024-05-03,Chicago,56.0,0,50.0
2024-05-03,Miami,84.1,1,76.3
2024-05-03,Seattle,58.1,1,64.5
2024-05-04,New York,58.5,0,66.3
2024-05-04,Los Angeles,80.9,0,50.2
2024-05-04,Chicago,49.6,0,44.3
2024-05-04,Miami,73.2,0,75.3
2024-05-04,Seattle,42.7,1,64.2
2024-05-05,New York,47.9,0,49.7
2024-05-05,Los Angeles,70.6,0,73.3
2024-05-05,Chicago,45.9,0,73.3
2024-05-05,Miami,75.5,0,47.6
2024-05-05,Seattle,46.5,0,74.0
2024-05-06,New York,58.2,0,46.9
2024-05-06,Los Angeles,69.6,0,74.3
2024-05-06,Chicago,49.9,1,52.0
2024-05-06,Miami,82.0,0,64.2
2024-05-06,Seattle,54.1,1,43.6
2024-05-07,New York,58.5,0,54.2
2024-05-07,Los Angeles,64.4,0,49.5
2024-05-07,Chicago,59.5,0,59.5
2024-05-07,Miami,72.5,1,41.8
2024-05-07,Seattle,46.5,0,73.3
2024-05-08,New York,64.4,0,45.8
2024-05-08,Los Angeles,63.2,1,63.3
2024-05-08,Chicago,54.7,0,61.9
2024-05-08,Miami,77.5,1,74.8
2024-05-08,Seattle,60.1,1,69.2
2024-05-09,New York,49.0,0,77.9
2024-05-09,Los Angeles,77.1,0,52.5
2024-05-09,Chicago,42.0,0,76.1
2024-05-09,Miami,76.5,0,79.2
2024-05-09,Seattle,51.4,0,76.0
2024-05-10,New York,55.9,0,41.9
2024-05-10,Los Angeles,70.8,0,56.8
2024-05-10,Chicago,52.7,1,58.4
2024-05-10,Miami,74.4,0,76.7
2024-05-10,Seattle,47.1,0,40.9
2024-05-11,New York,55.6,1,50.4
2024-05-11,Los Angeles,70.2,0,43.9
2024-05-11,Chicago,46.9,1,48.9
2024-05-11,Miami,79.1,0,51.8
2024-05-11,Seattle,48.2,1,78.0
2024-05-12,New York,56.2,0,43.6
2024-05-12,Los Angeles,75.0,0,50.7
2024-05-12,Chicago,41.7,0,51.0
2024-05-12,Miami,81.5,0,72.9
2024-05-12,Seattle,51.4,1,47.0
2024-05-13,New York,55.6,0,52.9
2024-05-13,Los Angeles,80.8,1,71.4
2024-05-13,Chicago,41.0,0,64.5
2024-05-13,Miami,78.9,0,51.8
2024-05-13,Seattle,44.5,0,65.0
2024-05-14,New York,52.3,1,57.7
2024-05-14,Los Angeles,68.2,1,67.3
2024-05-14,Chicago,40.9,0,59.7
2024-05-14,Miami,81.6,0,55.4
2024-05-14,Seattle,49.3,1,79.5
2024-05-15,New York,50.1,0,50.3
2024-05-15,Los Angeles,69.2,0,43.6
2024-05-15,Chicago,44.0,1,77.8
2024-05-15,Miami,84.7,0,43.2
2024-05-15,Seattle,45.2,0,69.4
2024-05-16,New York,60.0,0,54.9
2024-05-16,Los Angeles,74.7,0,60.0
2024-05-16,Chicago,50.2,1,58.4
2024-05-16,Miami,68.6,0,62.1
2024-05-16,Seattle,43.8,0,58.9
2024-05-17,New York,47.5,1,66.4
2024-05-17,Los Angeles,74.8,0,43.5
2024-05-17,Chicago,50.2,0,66.0
2024-05-17,Miami,87.4,1,59.1
2024-05-17,Seattle,43.3,1,63.5
2024-05-18,New York,52.3,0,44.1
2024-05-18,Los Angeles,69.6,0,60.2
2024-05-18,Chicago,53.2,1,72.7
2024-05-18,Miami,69.6,0,66.8
2024-05-18,Seattle,57.5,0,74.6
2024-05-19,New York,47.1,0,45.2
2024-05-19,Los Angeles,72.7,0,40.8
2024-05-19,Chicago,40.9,0,56.4
2024-05-19,Miami,73.9,1,44.8
2024-05-19,Seattle,50.7,0,53.9
2024-05-20,New York,46.0,0,78.9
2024-05-20,Los Angeles,77.0,0,69.1
2024-05-20,Chicago,50.0,0,72.8
2024-05-20,Miami,73.9,0,77.9
2024-05-20,Seattle,59.3,1,70.6
2024-05-21,New York,53.8,0,76.1
2024-05-21,Los Angeles,66.2,0,52.4
2024-05-21,Chicago,53.1,0,46.1
2024-05-21,Miami,76.9,0,78.7
2024-05-21,Seattle,47.2,0,68.0
2024-05-22,New York,60.3,1,76.0
2024-05-22,Los Angeles,80.9,0,54.0
2024-05-22,Chicago,57.1,1,59.3
2024-05-22,Miami,79.4,0,50.3
2024-05-22,Seattle,60.5,1,52.2
2024-05-23,New York,53.6,0,67.7
2024-05-23,Los Angeles,69.3,0,74.8
2024-05-23,Chicago,44.2,0,54.3
2024-05-23,Miami,71.1,1,54.4
2024-05-23,Seattle,45.5,1,65.0
2024-05-24,New York,52.9,0,49.5
2024-05-24,Los Angeles,78.6,0,47.7
2024-05-24,Chicago,50.5,0,43.4
2024-05-24,Miami,69.4,1,78.4
2024-05-24,Seattle,43.9,1,52.1
2024-05-25,New York,50.3,0,58.2
2024-05-25,Los Angeles,75.8,0,48.0
2024-05-25,Chicago,49.9,1,53.0
2024-05-25,Miami,71.2,1,49.5
2024-05-25,Seattle,53.1,1,53.3
2024-05-26,New York,58.1,0,66.3
2024-05-26,Los Angeles,73.1,0,47.2
2024-05-26,Chicago,53.0,1,76.2
2024-05-26,Miami,87.4,1,42.0
2024-05-26,Seattle,51.2,1,77.0
2024-05-27,New York,46.0,1,58.3
2024-05-27,Los Angeles,64.0,0,44.7
2024-05-27,Chicago,53.4,0,41.1
2024-05-27,Miami,80.2,1,48.7
2024-05-27,Seattle,42.2,1,78.8
2024-05-28,New York,56.5,1,45.1
2024-05-28,Los Angeles,74.8,0,64.3
2024-05-28,Chicago,54.8,1,53.0
2024-05-28,Miami,75.4,1,56.6
2024-05-28,Seattle,54.0,1,58.1
2024-05-29,New York,49.4,1,71.6
2024-05-29,Los Angeles,73.0,0,45.6
2024-05-29,Chicago,44.3,0,45.2
2024-05-29,Miami,68.4,0,60.3
2024-05-29,Seattle,56.9,0,50.2
2024-05-30,New York,46.8,0,73.9
2024-05-30,Los Angeles,63.4,0,68.4
2024-05-30,Chicago,45.6,1,70.4
2024-05-30,Miami,71.9,1,60.1
2024-05-30,Seattle,53.8,0,77.5
2024-05-31,New York,55.0,1,50.8
2024-05-31,Los Angeles,65.5,1,62.4
2024-05-31,Chicago,46.3,0,43.8
2024-05-31,Miami,82.7,1,56.0
2024-05-31,Seattle,51.9,0,48.2
2024-06-01,New York,73.5,1,62.9
2024-06-01,Los Angeles,91.3,0,59.4
2024-06-01,Chicago,74.8,1,65.0
2024-06-01,Miami,88.1,1,79.3
2024-06-01,Seattle,66.4,1,46.7
2024-06-02,New York,72.0,0,73.0
2024-06-02,Los Angeles,89.3,0,55.4
2024-06-02,Chicago,65.4,1,76.1
2024-06-02,Miami,100.7,0,68.7
2024-06-02,Seattle,64.5,1,65.9
2024-06-03,New York,71.6,1,63.8
2024-06-03,Los Angeles,94.8,0,68.4
2024-06-03,Chicago,64.2,1,63.3
2024-06-03,Miami,86.2,1,48.8
2024-06-03,Seattle,76.8,1,66.0
2024-06-04,New York,60.1,0,57.6
2024-06-04,Los Angeles,82.7,0,65.3
2024-06-04,Chicago,72.7,0,57.0
2024-06-04,Miami,90.9,1,68.5
2024-06-04,Seattle,67.6,1,64.3
2024-06-05,New York,72.5,0,63.1
2024-06-05,Los Angeles,77.6,0,43.7
2024-06-05,Chicago,65.4,0,45.3
2024-06-05,Miami,91.2,0,50.4
2024-06-05,Seattle,72.3,1,49.3
2024-06-06,New York,77.3,0,63.9
2024-06-06,Los Angeles,80.5,0,70.2
2024-06-06,Chicago,56.8,0,42.0
2024-06-06,Miami,99.5,0,47.5
2024-06-06,Seattle,63.8,0,79.6
2024-06-07,New York,75.2,0,60.9
2024-06-07,Los Angeles,89.1,1,74.8
2024-06-07,Chicago,64.6,0,74.3
2024-06-07,Miami,98.0,1,40.4
2024-06-07,Seattle,71.4,1,74.0
2024-06-08,New York,68.4,0,70.3
2024-06-08,Los Angeles,96.8,0,44.8
2024-06-08,Chicago,73.4,0,58.8
2024-06-08,Miami,100.0,0,77.9
2024-06-08,Seattle,60.1,0,64.8
2024-06-09,New York,76.1,1,57.3
2024-06-09,Los Angeles,90.1,1,58.5
2024-06-09,Chicago,62.7,0,73.7
2024-06-09,Miami,89.8,0,52.5
2024-06-09,Seattle,65.0,1,64.2
2024-06-10,New York,78.2,1,43.8
2024-06-10,Los Angeles,96.6,0,71.1
2024-06-10,Chicago,58.5,0,45.7
2024-06-10,Miami,87.4,0,49.1
2024-06-10,Seattle,68.8,1,63.6
2024-06-11,New York,77.3,0,66.8
2024-06-11,Los Angeles,86.5,0,52.9
2024-06-11,Chicago,73.9,0,66.1
2024-06-11,Miami,100.4,1,62.6
2024-06-11,Seattle,70.4,0,77.5
2024-06-12,New York,64.5,1,76.2
2024-06-12,Los Angeles,91.4,0,54.4
2024-06-12,Chicago,58.4,0,44.1
2024-06-12,Miami,84.2,0,43.3
2024-06-12,Seattle,70.9,0,58.8
2024-06-13,New York,77.3,0,48.3
2024-06-13,Los Angeles,86.8,0,68.6
2024-06-13,Chicago,68.7,0,69.4
2024-06-13,Miami,83.1,0,59.7
2024-06-13,Seattle,73.8,0,42.5
2024-06-14,New York,78.7,0,60.3
2024-06-14,Los Angeles,89.7,0,66.3
2024-06-14,Chicago,69.1,0,42.5
2024-06-14,Miami,100.4,0,75.5
2024-06-14,Seattle,76.2,0,76.3
2024-06-15,New York,63.7,0,47.0
2024-06-15,Los Angeles,79.5,0,44.4
2024-06-15,Chicago,61.5,1,42.9
2024-06-15,Miami,92.2,1,56.3
2024-06-15,Seattle,71.8,0,42.1
2024-06-16,New York,73.0,0,44.1
2024-06-16,Los Angeles,95.2,0,61.6
2024-06-16,Chicago,72.1,0,76.3
2024-06-16,Miami,96.1,1,75.2
2024-06-16,Seattle,76.8,0,54.5
2024-06-17,New York,60.7,0,79.5
2024-06-17,Los Angeles,83.5,0,43.6
2024-06-17,Chicago,64.1,1,60.4
2024-06-17,Miami,88.8,0,70.5
2024-06-17,Seattle,68.8,1,76.1
2024-06-18,New York,64.4,0,60.4
2024-06-18,Los Angeles,80.4,0,73.3
2024-06-18,Chicago,72.3,0,58.3
2024-06-18,Miami,90.6,0,66.6
2024-06-18,Seattle,57.4,0,59.9
2024-06-19,New York,74.7,0,40.3
2024-06-19,Los Angeles,85.7,0,50.6
2024-06-19,Chicago,70.8,0,79.5
2024-06-19,Miami,99.6,0,56.6
2024-06-19,Seattle,58.8,1,78.2
2024-06-20,New York,75.4,1,64.5
2024-06-20,Los Angeles,82.5,0,55.0
2024-06-20,Chicago,68.4,0,78.1
2024-06-20,Miami,99.9,0,75.5
2024-06-20,Seattle,66.5,1,67.0
2024-06-21,New York,77.7,0,60.0
2024-06-21,Los Angeles,86.7,0,47.6
2024-06-21,Chicago,71.4,1,54.3
2024-06-21,Miami,89.0,0,72.3
2024-06-21,Seattle,61.8,0,64.1
2024-06-22,New York,79.6,0,66.7
2024-06-22,Los Angeles,80.7,0,54.0
2024-06-22,Chicago,59.6,1,76.5
2024-06-22,Miami,92.9,0,77.6
2024-06-22,Seattle,69.9,0,70.5
2024-06-23,New York,61.6,0,42.5
2024-06-23,Los Angeles,79.2,0,43.3
2024-06-23,Chicago,67.1,0,41.0
2024-06-23,Miami,91.4,1,68.0
2024-06-23,Seattle,74.9,1,57.8
2024-06-24,New York,61.3,0,45.2
2024-06-24,Los Angeles,80.6,0,59.4
2024-06-24,Chicago,73.6,0,63.2
2024-06-24,Miami,91.2,1,78.0
2024-06-24,Seattle,64.2,1,60.2
2024-06-25,New York,74.7,0,41.8
2024-06-25,Los Angeles,91.5,0,45.3
2024-06-25,Chicago,69.7,1,72.7
2024-06-25,Miami,102.7,0,53.0
2024-06-25,Seattle,68.2,1,69.1
2024-06-26,New York,75.5,1,73.6
2024-06-26,Los Angeles,91.8,0,59.0
2024-06-26,Chicago,69.6,1,40.9
2024-06-26,Miami,83.9,0,43.1
2024-06-26,Seattle,70.2,1,52.0
2024-06-27,New York,74.6,0,67.6
2024-06-27,Los Angeles,77.2,0,67.2
2024-06-27,Chicago,71.2,0,67.6
2024-06-27,Miami,96.7,1,47.2
2024-06-27,Seattle,66.4,0,49.8
2024-06-28,New York,62.2,1,43.0
2024-06-28,Los Angeles,78.9,0,68.2
2024-06-28,Chicago,60.4,0,60.2
2024-06-28,Miami,88.2,0,53.2
2024-06-28,Seattle,57.4,0,59.6
2024-06-29,New York,66.8,1,40.4
2024-06-29,Los Angeles,84.5,0,57.7
2024-06-29,Chicago,60.4,0,44.5
2024-06-29,Miami,92.1,1,40.4
2024-06-29,Seattle,70.1,0,40.6
2024-06-30,New York,76.7,0,55.2
2024-06-30,Los Angeles,78.0,0,57.6
2024-06-30,Chicago,73.0,0,45.4
2024-06-30,Miami,84.2,1,42.5
2024-06-30,Seattle,64.7,0,75.6
2024-07-01,New York,63.7,0,65.6
2024-07-01,Los Angeles,84.8,0,74.1
2024-07-01,Chicago,71.7,0,57.0
2024-07-01,Miami,92.3,1,74.3
2024-07-01,Seattle,58.9,0,65.5
2024-07-02,New York,71.2,0,60.9
2024-07-02,Los Angeles,94.8,0,49.4
2024-07-02,Chicago,71.0,0,61.3
2024-07-02,Miami,100.3,1,48.7
2024-07-02,Seattle,59.4,1,50.3
2024-07-03,New York,77.1,0,51.7
2024-07-03,Los Angeles,86.2,0,42.3
2024-07-03,Chicago,64.3,0,69.1
2024-07-03,Miami,92.1,1,51.5
2024-07-03,Seattle,65.6,0,51.2
2024-07-04,New York,70.4,0,74.2
2024-07-04,Los Angeles,94.3,0,67.1
2024-07-04,Chicago,66.3,0,51.1
2024-07-04,Miami,91.2,0,55.9
2024-07-04,Seattle,75.7,0,71.1
2024-07-05,New York,61.7,0,79.1
2024-07-05,Los Angeles,95.9,0,57.8
2024-07-05,Chicago,68.5,0,53.9
2024-07-05,Miami,94.8,0,79.4
2024-07-05,Seattle,57.3,1,68.3
2024-07-06,New York,65.6,0,77.2
2024-07-06,Los Angeles,82.6,0,59.5
2024-07-06,Chicago,68.9,0,47.4
2024-07-06,Miami,91.8,1,64.8
2024-07-06,Seattle,67.4,1,45.8
2024-07-07,New York,67.8,1,54.5
2024-07-07,Los Angeles,91.7,0,47.8
2024-07-07,Chicago,60.0,1,45.7
2024-07-07,Miami,88.3,0,74.7
2024-07-07,Seattle,72.2,0,66.3
2024-07-08,New York,74.7,0,57.1
2024-07-08,Los Angeles,78.5,0,70.0
2024-07-08,Chicago,59.4,0,79.4
2024-07-08,Miami,99.1,1,46.7
2024-07-08,Seattle,69.2,1,75.9
2024-07-09,New York,72.4,0,65.9
2024-07-09,Los Angeles,90.8,0,78.5
2024-07-09,Chicago,71.9,0,72.5
2024-07-09,Miami,99.7,1,71.6
2024-07-09,Seattle,64.3,1,54.8
2024-07-10,New York,71.9,1,70.4
2024-07-10,Los Angeles,92.9,0,61.0
2024-07-10,Chicago,70.1,0,65.4
2024-07-10,Miami,89.6,1,75.5
2024-07-10,Seattle,62.5,1,63.8
2024-07-11,New York,69.3,0,69.8
2024-07-11,Los Angeles,86.6,0,55.6
2024-07-11,Chicago,66.6,0,41.7
2024-07-11,Miami,101.4,1,71.8
2024-07-11,Seattle,71.5,0,59.2
2024-07-12,New York,69.6,0,58.3
2024-07-12,Los Angeles,86.9,0,58.3
2024-07-12,Chicago,69.4,1,64.1
2024-07-12,Miami,84.2,0,77.8
2024-07-12,Seattle,73.0,1,75.4
2024-07-13,New York,70.8,0,70.1
2024-07-13,Los Angeles,86.8,0,72.1
2024-07-13,Chicago,70.9,1,58.4
2024-07-13,Miami,86.2,0,68.8
2024-07-13,Seattle,74.5,1,73.9
2024-07-14,New York,65.0,0,76.3
2024-07-14,Los Angeles,96.0,0,43.6
2024-07-14,Chicago,66.5,0,63.5
2024-07-14,Miami,100.8,0,62.1
2024-07-14,Seattle,73.1,0,55.0
2024-07-15,New York,65.0,0,58.2
2024-07-15,Los Angeles,90.3,0,54.8
2024-07-15,Chicago,72.7,0,79.2
2024-07-15,Miami,85.7,0,63.5
2024-07-15,Seattle,58.1,0,50.1
2024-07-16,New York,63.0,0,58.5
2024-07-16,Los Angeles,88.0,1,58.7
2024-07-16,Chicago,70.9,0,68.0
2024-07-16,Miami,100.7,0,47.4
2024-07-16,Seattle,67.7,1,44.1
2024-07-17,New York,70.3,0,50.9
2024-07-17,Los Angeles,92.8,0,76.5
2024-07-17,Chicago,56.0,0,65.1
2024-07-17,Miami,102.5,1,75.5
2024-07-17,Seattle,65.7,1,57.7
2024-07-18,New York,69.8,0,46.5
2024-07-18,Los Angeles,94.8,0,45.2
2024-07-18,Chicago,58.1,0,58.1
2024-07-18,Miami,84.3,1,43.2
2024-07-18,Seattle,58.2,1,61.3
2024-07-19,New York,78.6,1,51.5
2024-07-19,Los Angeles,87.0,0,48.4
2024-07-19,Chicago,71.3,0,48.7
2024-07-19,Miami,102.1,1,62.9
2024-07-19,Seattle,62.0,0,64.5
2024-07-20,New York,64.4,0,52.2
2024-07-20,Los Angeles,86.9,0,55.3
2024-07-20,Chicago,69.1,0,51.7
2024-07-20,Miami,91.7,1,56.7
2024-07-20,Seattle,62.1,1,56.5
2024-07-21,New York,76.6,1,57.2
2024-07-21,Los Angeles,79.9,0,55.7
2024-07-21,Chicago,73.8,0,67.7
2024-07-21,Miami,87.9,0,50.8
2024-07-21,Seattle,71.5,0,47.3
2024-07-22,New York,69.9,0,44.0
2024-07-22,Los Angeles,91.7,0,57.6
2024-07-22,Chicago,55.4,0,74.8
2024-07-22,Miami,96.0,1,70.3
2024-07-22,Seattle,63.7,1,59.0
2024-07-23,New York,60.9,0,77.0
2024-07-23,Los Angeles,87.6,0,66.3
2024-07-23,Chicago,71.4,0,67.7
2024-07-23,Miami,96.7,0,43.6
2024-07-23,Seattle,58.7,0,45.1
2024-07-24,New York,64.6,1,47.4
2024-07-24,Los Angeles,90.7,0,78.9
2024-07-24,Chicago,72.8,0,54.3
2024-07-24,Miami,88.2,1,57.1
2024-07-24,Seattle,62.2,0,74.5
2024-07-25,New York,68.3,0,55.5
2024-07-25,Los Angeles,81.4,0,67.3
2024-07-25,Chicago,63.1,0,60.7
2024-07-25,Miami,86.0,1,44.6
2024-07-25,Seattle,72.2,1,43.7
2024-07-26,New York,62.4,1,51.3
2024-07-26,Los Angeles,95.1,0,65.0
2024-07-26,Chicago,71.3,0,43.0
2024-07-26,Miami,95.0,0,59.2
2024-07-26,Seattle,73.1,0,56.2
2024-07-27,New York,62.7,1,45.6
2024-07-27,Los Angeles,89.3,0,79.8
2024-07-27,Chicago,70.9,0,56.5
2024-07-27,Miami,99.8,0,68.6
2024-07-27,Seattle,61.0,1,48.4
2024-07-28,New York,71.8,1,44.6
2024-07-28,Los Angeles,80.5,0,60.2
2024-07-28,Chicago,70.2,1,52.3
2024-07-28,Miami,91.0,0,64.7
2024-07-28,Seattle,76.3,1,70.0
2024-07-29,New York,61.8,1,42.6
2024-07-29,Los Angeles,78.3,0,55.2
2024-07-29,Chicago,60.1,0,72.8
2024-07-29,Miami,95.6,0,71.9
2024-07-29,Seattle,62.7,0,50.4
2024-07-30,New York,75.2,0,76.1
2024-07-30,Los Angeles,82.3,0,49.1
2024-07-30,Chicago,57.4,1,71.5
2024-07-30,Miami,84.8,1,43.4
2024-07-30,Seattle,69.9,1,44.3
2024-07-31,New York,71.8,0,64.8
2024-07-31,Los Angeles,92.0,0,64.2
2024-07-31,Chicago,68.5,0,61.7
2024-07-31,Miami,85.7,0,49.4
2024-07-31,Seattle,60.8,0,74.8
2024-08-01,New York,79.8,0,58.9
2024-08-01,Los Angeles,79.4,0,67.9
2024-08-01,Chicago,70.8,1,43.6
2024-08-01,Miami,83.3,1,63.0
2024-08-01,Seattle,70.2,1,51.2
2024-08-02,New York,65.1,0,67.1
2024-08-02,Los Angeles,96.0,0,56.4
2024-08-02,Chicago,70.1,0,72.8
2024-08-02,Miami,85.9,0,53.3
2024-08-02,Seattle,75.2,1,77.4
2024-08-03,New York,67.6,0,42.4
2024-08-03,Los Angeles,95.4,0,61.5
2024-08-03,Chicago,74.7,0,42.6
2024-08-03,Miami,98.5,1,49.6
2024-08-03,Seattle,71.9,0,50.8
2024-08-04,New York,76.4,1,53.2
2024-08-04,Los Angeles,96.2,0,67.6
2024-08-04,Chicago,67.5,0,46.8
2024-08-04,Miami,93.5,1,58.5
2024-08-04,Seattle,68.8,1,49.4
2024-08-05,New York,79.6,0,62.8
2024-08-05,Los Angeles,77.2,0,61.2
2024-08-05,Chicago,57.7,0,51.7
2024-08-05,Miami,99.5,0,47.3
2024-08-05,Seattle,60.1,0,60.7
2024-08-06,New York,79.2,0,43.4
2024-08-06,Los Angeles,88.3,0,43.4
2024-08-06,Chicago,68.4,0,69.6
2024-08-06,Miami,92.2,1,45.8
2024-08-06,Seattle,62.7,1,54.2
2024-08-07,New York,74.4,1,50.8
2024-08-07,Los Angeles,90.9,0,56.9
2024-08-07,Chicago,67.8,0,50.6
2024-08-07,Miami,89.2,1,60.0
2024-08-07,Seattle,73.3,0,53.9
2024-08-08,New York,64.5,0,48.8
2024-08-08,Los Angeles,83.1,0,49.4
2024-08-08,Chicago,56.2,0,50.7
2024-08-08,Miami,92.7,0,79.3
2024-08-08,Seattle,57.2,0,52.0
2024-08-09,New York,60.1,1,76.6
2024-08-09,Los Angeles,88.6,0,64.0
2024-08-09,Chicago,73.8,0,77.6
2024-08-09,Miami,94.2,0,79.7
2024-08-09,Seattle,72.9,1,60.0
2024-08-10,New York,69.4,1,70.6
2024-08-10,Los Angeles,93.9,0,69.2
2024-08-10,Chicago,55.5,0,74.5
2024-08-10,Miami,94.0,1,59.0
2024-08-10,Seattle,69.4,0,62.6
2024-08-11,New York,60.8,0,45.6
2024-08-11,Los Angeles,81.1,0,70.8
2024-08-11,Chicago,55.6,0,44.9
2024-08-11,Miami,95.2,0,71.4
2024-08-11,Seattle,65.0,1,75.9
2024-08-12,New York,64.9,0,68.2
2024-08-12,Los Angeles,92.5,0,62.3
2024-08-12,Chicago,55.9,0,70.6
2024-08-12,Miami,97.1,0,73.4
2024-08-12,Seattle,59.5,0,79.1
2024-08-13,New York,73.6,0,41.4
2024-08-13,Los Angeles,90.4,0,69.8
2024-08-13,Chicago,68.3,0,45.2
2024-08-13,Miami,90.9,0,60.7
2024-08-13,Seattle,67.4,0,76.4
2024-08-14,New York,70.8,1,53.6
2024-08-14,Los Angeles,84.6,0,55.4
2024-08-14,Chicago,70.5,1,65.3
2024-08-14,Miami,97.4,0,69.0
2024-08-14,Seattle,72.5,1,69.9
2024-08-15,New York,66.3,0,55.8
2024-08-15,Los Angeles,90.2,0,47.9
2024-08-15,Chicago,60.7,0,43.8
2024-08-15,Miami,89.5,0,69.3
2024-08-15,Seattle,69.0,1,59.5
2024-08-16,New York,68.0,0,44.6
2024-08-16,Los Angeles,85.2,0,45.6
2024-08-16,Chicago,69.0,0,77.9
2024-08-16,Miami,94.4,0,49.1
2024-08-16,Seattle,72.7,1,70.5
2024-08-17,New York,65.4,0,73.1
2024-08-17,Los Angeles,96.8,0,53.1
2024-08-17,Chicago,68.8,0,64.6
2024-08-17,Miami,99.2,0,57.9
2024-08-17,Seattle,75.2,1,47.0
2024-08-18,New York,76.6,0,54.3
2024-08-18,Los Angeles,80.5,0,63.7
2024-08-18,Chicago,65.2,0,49.4
2024-08-18,Miami,94.8,0,53.6
2024-08-18,Seattle,63.9,1,64.1
2024-08-19,New York,63.3,1,72.5
2024-08-19,Los Angeles,84.6,0,41.4
2024-08-19,Chicago,57.0,0,51.6
2024-08-19,Miami,99.5,1,79.6
2024-08-19,Seattle,69.7,1,71.3
2024-08-20,New York,60.9,0,52.1
2024-08-20,Los Angeles,91.8,0,62.6
2024-08-20,Chicago,67.8,1,57.1
2024-08-20,Miami,95.9,0,46.9
2024-08-20,Seattle,67.3,1,61.6
2024-08-21,New York,70.7,1,64.2
2024-08-21,Los Angeles,83.0,0,51.1
2024-08-21,Chicago,72.8,1,63.5
2024-08-21,Miami,91.4,0,51.3
2024-08-21,Seattle,66.3,0,44.3
2024-08-22,New York,70.9,0,73.4
2024-08-22,Los Angeles,84.7,0,73.5
2024-08-22,Chicago,61.5,1,79.9
2024-08-22,Miami,88.0,0,69.2
2024-08-22,Seattle,75.1,1,64.6
2024-08-23,New York,68.9,1,75.7
2024-08-23,Los Angeles,81.3,0,57.6
2024-08-23,Chicago,65.9,1,48.1
2024-08-23,Miami,96.4,0,43.2
2024-08-23,Seattle,58.7,0,78.9
2024-08-24,New York,74.6,0,40.8
2024-08-24,Los Angeles,80.8,0,60.2
2024-08-24,Chicago,57.9,1,61.8
2024-08-24,Miami,93.7,0,59.7
2024-08-24,Seattle,57.9,1,57.2
2024-08-25,New York,60.3,1,64.1
2024-08-25,Los Angeles,95.2,0,73.9
2024-08-25,Chicago,64.8,0,67.2
2024-08-25,Miami,95.2,0,76.5
2024-08-25,Seattle,71.7,1,59.4
2024-08-26,New York,72.1,0,57.8
2024-08-26,Los Angeles,92.1,0,55.4
2024-08-26,Chicago,69.6,1,66.0
2024-08-26,Miami,102.1,0,44.4
2024-08-26,Seattle,64.0,1,77.0
2024-08-27,New York,79.5,1,64.7
2024-08-27,Los Angeles,77.5,0,44.3
2024-08-27,Chicago,61.1,1,76.6
2024-08-27,Miami,99.0,0,64.0
2024-08-27,Seattle,59.3,1,57.7
2024-08-28,New York,73.9,0,79.7
2024-08-28,Los Angeles,88.9,0,49.6
2024-08-28,Chicago,56.8,0,42.1
2024-08-28,Miami,94.4,1,42.3
2024-08-28,Seattle,66.5,1,65.4
2024-08-29,New York,65.3,0,41.5
2024-08-29,Los Angeles,82.8,0,76.6
2024-08-29,Chicago,65.7,1,40.1
2024-08-29,Miami,89.3,0,73.5
2024-08-29,Seattle,59.6,0,50.7
2024-08-30,New York,66.3,0,57.4
2024-08-30,Los Angeles,78.6,0,43.6
2024-08-30,Chicago,62.0,1,48.1
2024-08-30,Miami,95.5,0,53.2
2024-08-30,Seattle,72.5,1,60.8
2024-08-31,New York,69.4,1,72.8
2024-08-31,Los Angeles,90.7,0,79.0
2024-08-31,Chicago,74.9,0,78.8
2024-08-31,Miami,97.2,1,45.0
2024-08-31,Seattle,76.4,1,73.8
2024-09-01,New York,50.9,0,49.4
2024-09-01,Los Angeles,64.5,0,61.8
2024-09-01,Chicago,55.8,0,42.1
2024-09-01,Miami,75.9,1,53.9
2024-09-01,Seattle,50.1,1,79.3
2024-09-02,New York,54.4,0,47.0
2024-09-02,Los Angeles,75.8,0,78.8
2024-09-02,Chicago,40.6,0,72.5
2024-09-02,Miami,74.9,0,56.7
2024-09-02,Seattle,61.4,0,79.0
2024-09-03,New York,63.1,1,76.9
2024-09-03,Los Angeles,79.5,0,67.8
2024-09-03,Chicago,46.5,1,52.3
2024-09-03,Miami,87.1,0,67.7
2024-09-03,Seattle,42.2,0,49.8
2024-09-04,New York,57.1,0,66.4
2024-09-04,Los Angeles,65.1,0,67.3
2024-09-04,Chicago,54.1,0,45.0
2024-09-04,Miami,74.3,0,45.9
2024-09-04,Seattle,48.9,0,75.1
2024-09-05,New York,64.7,0,59.6
2024-09-05,Los Angeles,69.2,0,53.1
2024-09-05,Chicago,48.9,1,46.9
2024-09-05,Miami,70.7,0,69.7
2024-09-05,Seattle,59.3,1,64.4
2024-09-06,New York,51.5,1,77.0
2024-09-06,Los Angeles,76.9,0,40.9
2024-09-06,Chicago,43.2,1,64.3
2024-09-06,Miami,76.2,0,48.1
2024-09-06,Seattle,45.1,1,59.1
2024-09-07,New York,57.8,1,68.2
2024-09-07,Los Angeles,79.5,0,56.9
2024-09-07,Chicago,47.9,1,50.2
2024-09-07,Miami,81.5,0,48.2
2024-09-07,Seattle,61.5,0,67.1
2024-09-08,New York,48.7,0,51.4
2024-09-08,Los Angeles,69.1,1,74.0
2024-09-08,Chicago,44.7,0,76.1
2024-09-08,Miami,68.5,0,51.0
2024-09-08,Seattle,42.0,0,49.5
2024-09-09,New York,54.1,0,59.7
2024-09-09,Los Angeles,72.3,0,77.0
2024-09-09,Chicago,52.6,1,59.8
2024-09-09,Miami,86.8,0,41.1
2024-09-09,Seattle,43.6,1,48.3
2024-09-10,New York,45.3,0,79.7
2024-09-10,Los Angeles,62.3,0,55.3
2024-09-10,Chicago,48.2,0,72.8
2024-09-10,Miami,84.8,0,61.0
2024-09-10,Seattle,58.1,1,47.7
2024-09-11,New York,61.2,1,54.2
2024-09-11,Los Angeles,79.8,0,75.1
2024-09-11,Chicago,42.9,1,78.7
2024-09-11,Miami,68.8,0,44.9
2024-09-11,Seattle,52.3,1,51.1
2024-09-12,New York,53.3,0,71.7
2024-09-12,Los Angeles,63.2,0,69.5
2024-09-12,Chicago,51.8,0,68.9
2024-09-12,Miami,74.7,0,55.5
2024-09-12,Seattle,59.6,1,43.1
2024-09-13,New York,45.4,0,55.0
2024-09-13,Los Angeles,66.7,0,70.5
2024-09-13,Chicago,49.5,1,53.3
2024-09-13,Miami,73.2,1,42.4
2024-09-13,Seattle,45.5,0,50.6
2024-09-14,New York,47.8,0,79.9
2024-09-14,Los Angeles,66.3,0,67.0
2024-09-14,Chicago,51.3,0,59.3
2024-09-14,Miami,85.8,0,67.6
2024-09-14,Seattle,42.9,1,60.4
2024-09-15,New York,46.6,0,76.8
2024-09-15,Los Angeles,68.7,0,75.6
2024-09-15,Chicago,48.9,1,42.3
2024-09-15,Miami,73.9,0,58.1
2024-09-15,Seattle,52.7,1,62.6
2024-09-16,New York,47.8,0,67.3
2024-09-16,Los Angeles,81.4,0,47.8
2024-09-16,Chicago,51.3,0,62.8
2024-09-16,Miami,83.8,0,55.2
2024-09-16,Seattle,54.0,0,70.8
2024-09-17,New York,47.5,0,42.8
2024-09-17,Los Angeles,70.7,0,54.3
2024-09-17,Chicago,56.6,1,58.6
2024-09-17,Miami,76.0,0,74.1
2024-09-17,Seattle,60.4,0,55.4
2024-09-18,New York,62.3,0,58.6
2024-09-18,Los Angeles,78.9,0,75.2
2024-09-18,Chicago,45.4,0,47.1
2024-09-18,Miami,80.3,0,45.7
2024-09-18,Seattle,54.5,1,67.8
2024-09-19,New York,50.8,1,70.9
2024-09-19,Los Angeles,65.5,0,40.5
2024-09-19,Chicago,48.5,1,56.7
2024-09-19,Miami,72.7,0,48.1
2024-09-19,Seattle,61.3,1,48.0
2024-09-20,New York,61.0,0,50.0
2024-09-20,Los Angeles,71.8,0,73.8
2024-09-20,Chicago,56.5,1,77.4
2024-09-20,Miami,74.1,1,50.7
2024-09-20,Seattle,45.1,0,50.8
2024-09-21,New York,56.2,0,53.2
2024-09-21,Los Angeles,71.4,0,44.9
2024-09-21,Chicago,51.8,0,72.0
2024-09-21,Miami,70.7,1,70.8
2024-09-21,Seattle,48.8,0,53.6
2024-09-22,New York,55.1,0,66.2
2024-09-22,Los Angeles,62.9,0,74.9
2024-09-22,Chicago,43.2,1,47.7
2024-09-22,Miami,87.9,0,46.0
2024-09-22,Seattle,44.0,0,77.4
2024-09-23,New York,59.9,1,63.6
2024-09-23,Los Angeles,78.5,0,49.0
2024-09-23,Chicago,42.5,1,75.2
2024-09-23,Miami,78.9,1,59.3
2024-09-23,Seattle,57.2,0,41.4
2024-09-24,New York,48.4,0,51.2
2024-09-24,Los Angeles,67.0,0,53.4
2024-09-24,Chicago,46.9,0,45.4
2024-09-24,Miami,69.3,0,75.7
2024-09-24,Seattle,52.0,1,75.6
2024-09-25,New York,64.0,1,52.8
2024-09-25,Los Angeles,80.7,0,41.0
2024-09-25,Chicago,43.6,0,43.0
2024-09-25,Miami,68.7,0,50.2
2024-09-25,Seattle,59.3,0,64.0
2024-09-26,New York,63.1,0,59.7
2024-09-26,Los Angeles,74.0,0,70.6
2024-09-26,Chicago,56.7,0,71.8
2024-09-26,Miami,71.3,0,73.6
2024-09-26,Seattle,44.5,0,57.7
2024-09-27,New York,64.6,0,67.0
2024-09-27,Los Angeles,78.7,0,61.0
2024-09-27,Chicago,58.8,1,73.3
2024-09-27,Miami,84.8,0,78.4
2024-09-27,Seattle,47.2,1,79.2
2024-09-28,New York,52.7,0,50.9
2024-09-28,Los Angeles,76.4,0,49.9
2024-09-28,Chicago,48.1,1,64.1
2024-09-28,Miami,69.3,0,47.7
2024-09-28,Seattle,43.5,0,62.2
2024-09-29,New York,62.0,1,70.7
2024-09-29,Los Angeles,78.6,0,52.3
2024-09-29,Chicago,44.8,0,53.2
2024-09-29,Miami,74.2,0,53.8
2024-09-29,Seattle,58.8,0,47.7
2024-09-30,New York,49.3,0,50.1
2024-09-30,Los Angeles,75.1,1,41.5
2024-09-30,Chicago,44.2,1,40.2
2024-09-30,Miami,87.0,1,41.6
2024-09-30,Seattle,49.9,1,47.1
2024-10-01,New York,63.0,0,53.3
2024-10-01,Los Angeles,63.9,0,58.4
2024-10-01,Chicago,54.4,0,56.6
2024-10-01,Miami,77.3,1,61.8
2024-10-01,Seattle,51.2,1,70.0
2024-10-02,New York,64.1,1,69.9
2024-10-02,Los Angeles,72.4,0,45.1
2024-10-02,Chicago,55.7,1,44.6
2024-10-02,Miami,78.5,0,72.8
2024-10-02,Seattle,47.3,1,55.2
2024-10-03,New York,63.2,0,78.4
2024-10-03,Los Angeles,67.6,0,71.2
2024-10-03,Chicago,59.5,1,55.1
2024-10-03,Miami,80.2,0,67.4
2024-10-03,Seattle,43.5,0,66.9
2024-10-04,New York,60.8,0,43.3
2024-10-04,Los Angeles,65.5,0,44.7
2024-10-04,Chicago,50.3,1,54.5
2024-10-04,Miami,69.2,0,51.3
2024-10-04,Seattle,58.2,0,60.5
2024-10-05,New York,54.1,0,44.3
2024-10-05,Los Angeles,80.2,0,78.5
2024-10-05,Chicago,41.0,0,54.7
2024-10-05,Miami,74.8,1,78.8
2024-10-05,Seattle,48.9,0,72.9
2024-10-06,New York,58.2,0,56.5
2024-10-06,Los Angeles,75.9,0,41.2
2024-10-06,Chicago,58.4,1,46.4
2024-10-06,Miami,73.9,0,64.5
2024-10-06,Seattle,50.7,1,59.5
2024-10-07,New York,59.3,0,47.1
2024-10-07,Los Angeles,73.4,0,71.5
2024-10-07,Chicago,42.6,1,60.8
2024-10-07,Miami,80.4,0,53.6
2024-10-07,Seattle,60.5,1,41.3
2024-10-08,New York,56.5,0,69.3
2024-10-08,Los Angeles,77.7,0,47.1
2024-10-08,Chicago,49.7,0,79.2
2024-10-08,Miami,73.3,0,43.3
2024-10-08,Seattle,42.8,1,75.2
2024-10-09,New York,48.5,0,76.7
2024-10-09,Los Angeles,64.9,0,51.8
2024-10-09,Chicago,42.4,1,69.8
2024-10-09,Miami,81.0,0,51.3
2024-10-09,Seattle,48.7,0,75.3
2024-10-10,New York,58.8,0,47.1
2024-10-10,Los Angeles,73.3,0,78.2
2024-10-10,Chicago,52.2,0,51.5
2024-10-10,Miami,68.7,1,62.8
2024-10-10,Seattle,54.2,1,70.2
2024-10-11,New York,50.0,0,54.3
2024-10-11,Los Angeles,62.0,0,58.6
2024-10-11,Chicago,44.1,1,79.2
2024-10-11,Miami,73.9,0,65.0
2024-10-11,Seattle,53.3,1,79.2
2024-10-12,New York,60.3,0,69.3
2024-10-12,Los Angeles,65.3,0,75.6
2024-10-12,Chicago,60.0,0,53.3
2024-10-12,Miami,85.3,1,43.2
2024-10-12,Seattle,55.1,0,69.4
2024-10-13,New York,52.3,0,72.2
2024-10-13,Los Angeles,69.5,0,57.4
2024-10-13,Chicago,41.3,0,56.8
2024-10-13,Miami,76.0,0,73.0
2024-10-13,Seattle,46.5,0,60.2
2024-10-14,New York,53.0,0,52.2
2024-10-14,Los Angeles,75.2,0,47.6
2024-10-14,Chicago,42.6,1,52.4
2024-10-14,Miami,71.2,0,64.1
2024-10-14,Seattle,60.4,1,51.6
2024-10-15,New York,50.8,1,50.7
2024-10-15,Los Angeles,76.5,0,45.7
2024-10-15,Chicago,42.7,1,51.9
2024-10-15,Miami,79.5,0,52.4
2024-10-15,Seattle,48.4,0,70.4
2024-10-16,New York,55.7,1,42.4
2024-10-16,Los Angeles,76.8,0,63.7
2024-10-16,Chicago,53.1,1,50.7
2024-10-16,Miami,86.7,1,53.4
2024-10-16,Seattle,61.2,0,60.9
2024-10-17,New York,53.8,1,62.4
2024-10-17,Los Angeles,71.2,0,51.2
2024-10-17,Chicago,55.9,0,76.9
2024-10-17,Miami,68.6,0,44.7
2024-10-17,Seattle,53.7,0,68.3
2024-10-18,New York,45.8,1,54.3
2024-10-18,Los Angeles,75.7,0,55.8
2024-10-18,Chicago,53.2,0,46.4
2024-10-18,Miami,87.7,0,59.1
2024-10-18,Seattle,52.2,0,54.2
2024-10-19,New York,45.3,0,73.8
2024-10-19,Los Angeles,80.5,1,70.9
2024-10-19,Chicago,48.8,0,47.7
2024-10-19,Miami,84.3,1,68.7
2024-10-19,Seattle,51.2,0,62.6
2024-10-20,New York,58.8,1,64.2
2024-10-20,Los Angeles,69.1,0,63.1
2024-10-20,Chicago,49.5,0,74.3
2024-10-20,Miami,80.2,1,53.3
2024-10-20,Seattle,46.1,0,40.7
2024-10-21,New York,61.4,1,49.3
2024-10-21,Los Angeles,72.6,0,48.0
2024-10-21,Chicago,49.4,1,56.4
2024-10-21,Miami,78.1,0,51.3
2024-10-21,Seattle,47.2,1,40.6
2024-10-22,New York,64.3,0,73.3
2024-10-22,Los Angeles,80.5,0,64.4
2024-10-22,Chicago,59.7,0,66.0
2024-10-22,Miami,84.0,0,43.8
2024-10-22,Seattle,51.2,1,77.6
2024-10-23,New York,54.7,0,45.2
2024-10-23,Los Angeles,64.5,0,57.3
2024-10-23,Chicago,44.9,0,54.8
2024-10-23,Miami,83.1,0,78.5
2024-10-23,Seattle,52.7,1,67.6
2024-10-24,New York,54.4,0,69.8
2024-10-24,Los Angeles,74.1,0,40.4
2024-10-24,Chicago,47.9,1,79.3
2024-10-24,Miami,85.0,1,70.1
2024-10-24,Seattle,50.1,1,43.9
2024-10-25,New York,55.9,0,61.9
2024-10-25,Los Angeles,64.9,0,46.7
2024-10-25,Chicago,43.5,1,65.6
2024-10-25,Miami,77.1,0,41.1
2024-10-25,Seattle,56.3,0,78.0
2024-10-26,New York,52.1,0,53.7
2024-10-26,Los Angeles,64.1,0,78.2
2024-10-26,Chicago,55.6,0,71.0
2024-10-26,Miami,79.2,1,45.8
2024-10-26,Seattle,56.0,0,47.5
2024-10-27,New York,62.1,0,78.0
2024-10-27,Los Angeles,79.6,1,53.6
2024-10-27,Chicago,59.8,0,44.2
2024-10-27,Miami,86.3,1,44.0
2024-10-27,Seattle,42.8,0,47.5
2024-10-28,New York,58.6,0,43.0
2024-10-28,Los Angeles,79.2,0,65.7
2024-10-28,Chicago,49.6,0,41.7
2024-10-28,Miami,82.0,1,76.9
2024-10-28,Seattle,46.6,1,41.0
2024-10-29,New York,47.1,1,65.4
2024-10-29,Los Angeles,70.7,0,61.1
2024-10-29,Chicago,48.0,1,58.0
2024-10-29,Miami,87.9,0,55.3
2024-10-29,Seattle,46.1,0,79.2
2024-10-30,New York,47.4,0,55.1
2024-10-30,Los Angeles,76.1,0,41.4
2024-10-30,Chicago,49.4,1,74.2
2024-10-30,Miami,83.6,0,68.2
2024-10-30,Seattle,57.7,1,51.1
2024-10-31,New York,46.7,0,73.2
2024-10-31,Los Angeles,72.2,0,41.9
2024-10-31,Chicago,42.0,1,61.5
2024-10-31,Miami,84.0,0,42.3
2024-10-31,Seattle,44.3,0,52.4
2024-11-01,New York,63.0,0,66.7
2024-11-01,Los Angeles,69.7,0,79.1
2024-11-01,Chicago,56.0,0,41.7
2024-11-01,Miami,80.6,0,74.5
2024-11-01,Seattle,42.5,1,55.5
2024-11-02,New York,51.3,0,55.0
2024-11-02,Los Angeles,64.0,0,59.0
2024-11-02,Chicago,47.6,1,48.3
2024-11-02,Miami,68.3,1,77.4
2024-11-02,Seattle,54.8,0,51.1
2024-11-03,New York,62.9,1,44.2
2024-11-03,Los Angeles,77.0,0,53.7
2024-11-03,Chicago,50.4,1,65.1
2024-11-03,Miami,83.1,0,78.2
2024-11-03,Seattle,44.0,1,57.9
2024-11-04,New York,46.2,1,47.8
2024-11-04,Los Angeles,65.0,1,79.1
2024-11-04,Chicago,57.8,1,54.9
2024-11-04,Miami,79.1,1,50.7
2024-11-04,Seattle,56.3,0,50.3
2024-11-05,New York,51.3,1,73.9
2024-11-05,Los Angeles,75.7,0,68.2
2024-11-05,Chicago,50.7,0,68.5
2024-11-05,Miami,74.6,1,78.4
2024-11-05,Seattle,46.1,0,52.4
2024-11-06,New York,60.1,0,64.7
2024-11-06,Los Angeles,78.7,0,60.1
2024-11-06,Chicago,55.0,1,50.0
2024-11-06,Miami,77.7,0,79.4
2024-11-06,Seattle,53.2,1,79.8
2024-11-07,New York,55.5,0,73.4
2024-11-07,Los Angeles,64.2,1,43.8
2024-11-07,Chicago,48.7,0,77.7
2024-11-07,Miami,68.9,1,74.6
2024-11-07,Seattle,47.0,1,53.6
2024-11-08,New York,45.2,0,69.6
2024-11-08,Los Angeles,74.4,0,75.5
2024-11-08,Chicago,42.5,0,51.8
2024-11-08,Miami,69.6,1,45.2
2024-11-08,Seattle,47.9,0,72.3
2024-11-09,New York,62.4,0,72.2
2024-11-09,Los Angeles,62.8,0,69.2
2024-11-09,Chicago,41.2,1,59.1
2024-11-09,Miami,69.9,1,43.8
2024-11-09,Seattle,53.0,1,46.6
2024-11-10,New York,52.8,0,41.9
2024-11-10,Los Angeles,66.0,0,47.5
2024-11-10,Chicago,58.1,0,47.9
2024-11-10,Miami,69.8,1,78.5
2024-11-10,Seattle,56.3,1,72.0
2024-11-11,New York,48.9,0,75.3
2024-11-11,Los Angeles,81.2,0,50.7
2024-11-11,Chicago,43.2,0,67.1
2024-11-11,Miami,76.3,1,73.5
2024-11-11,Seattle,53.7,1,65.0
2024-11-12,New York,57.1,1,79.6
2024-11-12,Los Angeles,73.6,0,74.7
2024-11-12,Chicago,49.4,1,62.2
2024-11-12,Miami,72.2,1,40.4
2024-11-12,Seattle,52.2,1,71.8
2024-11-13,New York,59.7,0,68.9
2024-11-13,Los Angeles,75.5,0,69.8
2024-11-13,Chicago,41.4,0,69.4
2024-11-13,Miami,82.9,1,78.9
2024-11-13,Seattle,49.5,1,51.7
2024-11-14,New York,52.5,0,63.4
2024-11-14,Los Angeles,63.3,0,65.2
2024-11-14,Chicago,54.8,1,40.1
2024-11-14,Miami,79.8,0,77.7
2024-11-14,Seattle,53.2,0,67.3
2024-11-15,New York,51.7,1,55.2
2024-11-15,Los Angeles,69.1,0,54.1
2024-11-15,Chicago,44.6,1,61.7
2024-11-15,Miami,83.1,0,76.8
2024-11-15,Seattle,49.9,1,58.8
2024-11-16,New York,56.0,0,73.2
2024-11-16,Los Angeles,63.7,0,55.1
2024-11-16,Chicago,54.8,0,79.6
2024-11-16,Miami,74.1,1,55.0
2024-11-16,Seattle,54.1,1,40.5
2024-11-17,New York,55.2,0,50.8
2024-11-17,Los Angeles,75.9,0,51.9
2024-11-17,Chicago,51.3,0,71.9
2024-11-17,Miami,74.3,0,45.0
2024-11-17,Seattle,51.6,0,56.3
2024-11-18,New York,45.9,0,75.2
2024-11-18,Los Angeles,72.6,0,55.4
2024-11-18,Chicago,47.5,0,66.1
2024-11-18,Miami,85.7,1,55.5
2024-11-18,Seattle,53.8,0,56.1
2024-11-19,New York,60.3,1,54.7
2024-11-19,Los Angeles,65.2,0,49.0
2024-11-19,Chicago,44.3,0,52.6
2024-11-19,Miami,79.5,0,61.9
2024-11-19,Seattle,49.7,1,68.3
2024-11-20,New York,57.6,0,79.5
2024-11-20,Los Angeles,74.0,0,43.6
2024-11-20,Chicago,57.6,1,43.7
2024-11-20,Miami,69.4,1,55.1
2024-11-20,Seattle,56.2,1,45.2
2024-11-21,New York,60.9,0,70.9
2024-11-21,Los Angeles,69.0,0,62.0
2024-11-21,Chicago,53.6,0,52.4
2024-11-21,Miami,86.1,0,78.4
2024-11-21,Seattle,47.6,0,66.8
2024-11-22,New York,64.1,0,50.8
2024-11-22,Los Angeles,68.6,0,45.3
2024-11-22,Chicago,51.8,0,49.8
2024-11-22,Miami,74.1,0,55.5
2024-11-22,Seattle,43.6,0,66.9
2024-11-23,New York,62.3,1,62.4
2024-11-23,Los Angeles,65.5,0,66.2
2024-11-23,Chicago,59.2,1,58.2
2024-11-23,Miami,74.8,0,67.3
2024-11-23,Seattle,60.4,0,76.8
2024-11-24,New York,55.7,0,40.5
2024-11-24,Los Angeles,70.0,1,41.4
2024-11-24,Chicago,52.5,0,64.7
2024-11-24,Miami,72.1,1,47.4
2024-11-24,Seattle,58.7,1,53.5
2024-11-25,New York,45.4,0,73.5
2024-11-25,Los Angeles,78.5,0,75.1
2024-11-25,Chicago,45.9,0,64.8
2024-11-25,Miami,74.1,0,53.6
2024-11-25,Seattle,51.8,1,76.2
2024-11-26,New York,52.9,1,60.7
2024-11-26,Los Angeles,66.5,0,49.1
2024-11-26,Chicago,43.9,0,75.6
2024-11-26,Miami,82.3,0,54.0
2024-11-26,Seattle,60.9,1,52.8
2024-11-27,New York,53.0,0,78.4
2024-11-27,Los Angeles,64.1,0,64.5
2024-11-27,Chicago,57.7,1,76.1
2024-11-27,Miami,81.2,1,75.6
2024-11-27,Seattle,42.6,0,78.7
2024-11-28,New York,49.5,0,74.6
2024-11-28,Los Angeles,74.3,0,74.9
2024-11-28,Chicago,51.4,0,49.8
2024-11-28,Miami,80.3,1,64.0
2024-11-28,Seattle,61.4,0,72.2
2024-11-29,New York,55.7,0,67.3
2024-11-29,Los Angeles,75.5,0,40.1
2024-11-29,Chicago,49.3,0,58.0
2024-11-29,Miami,78.2,0,40.1
2024-11-29,Seattle,60.9,0,71.4
2024-11-30,New York,49.8,0,44.8
2024-11-30,Los Angeles,78.4,0,62.6
2024-11-30,Chicago,46.2,0,64.4
2024-11-30,Miami,68.7,0,63.4
2024-11-30,Seattle,48.0,1,71.1
2024-12-01,New York,33.1,0,64.7
2024-12-01,Los Angeles,58.1,0,77.0
2024-12-01,Chicago,42.9,0,66.6
2024-12-01,Miami,66.8,1,44.5
2024-12-01,Seattle,43.9,1,65.2
2024-12-02,New York,43.3,1,79.0
2024-12-02,Los Angeles,59.9,0,75.4
2024-12-02,Chicago,30.3,0,40.7
2024-12-02,Miami,68.7,0,58.5
2024-12-02,Seattle,34.1,0,75.0
2024-12-03,New York,31.0,1,78.6
2024-12-03,Los Angeles,60.0,0,46.6
2024-12-03,Chicago,28.5,0,63.1
2024-12-03,Miami,62.3,1,40.7
2024-12-03,Seattle,37.4,1,60.9
2024-12-04,New York,45.5,0,54.2
2024-12-04,Los Angeles,62.2,0,77.2
2024-12-04,Chicago,44.5,0,49.4
2024-12-04,Miami,59.9,1,46.3
2024-12-04,Seattle,33.8,1,58.9
2024-12-05,New York,48.7,0,65.7
2024-12-05,Los Angeles,51.3,0,57.8
2024-12-05,Chicago,29.1,0,52.8
2024-12-05,Miami,68.7,0,65.3
2024-12-05,Seattle,31.0,0,59.4
2024-12-06,New York,44.2,0,55.7
2024-12-06,Los Angeles,59.7,0,69.3
2024-12-06,Chicago,40.5,1,61.3
2024-12-06,Miami,60.0,0,78.0
2024-12-06,Seattle,37.5,1,59.6
2024-12-07,New York,32.2,1,51.7
2024-12-07,Los Angeles,59.2,0,77.9
2024-12-07,Chicago,38.7,0,41.3
2024-12-07,Miami,68.8,0,56.5
2024-12-07,Seattle,28.8,0,51.3
2024-12-08,New York,32.4,0,74.2
2024-12-08,Los Angeles,49.5,0,49.0
2024-12-08,Chicago,37.8,1,46.1
2024-12-08,Miami,59.4,1,70.7
2024-12-08,Seattle,43.8,1,49.6
2024-12-09,New York,45.4,0,68.0
2024-12-09,Los Angeles,50.2,0,44.3
2024-12-09,Chicago,41.2,0,43.5
2024-12-09,Miami,67.8,0,63.7
2024-12-09,Seattle,28.0,1,75.6
2024-12-10,New York,38.1,0,78.6
2024-12-10,Los Angeles,58.4,0,45.6
2024-12-10,Chicago,37.8,0,72.3
2024-12-10,Miami,71.0,0,48.3
2024-12-10,Seattle,44.2,0,64.1
2024-12-11,New York,45.1,1,40.8
2024-12-11,Los Angeles,62.1,0,51.6
2024-12-11,Chicago,42.7,1,66.5
2024-12-11,Miami,64.8,1,74.9
2024-12-11,Seattle,36.6,1,44.8
2024-12-12,New York,39.5,0,64.3
2024-12-12,Los Angeles,60.4,0,76.8
2024-12-12,Chicago,40.4,0,67.0
2024-12-12,Miami,62.5,0,44.2
2024-12-12,Seattle,33.1,1,78.0
2024-12-13,New York,39.0,0,49.8
2024-12-13,Los Angeles,51.6,0,43.1
2024-12-13,Chicago,35.8,1,64.3
2024-12-13,Miami,58.9,1,61.8
2024-12-13,Seattle,39.1,1,61.0
2024-12-14,New York,39.7,1,70.5
2024-12-14,Los Angeles,48.1,1,57.7
2024-12-14,Chicago,31.3,1,70.4
2024-12-14,Miami,70.6,0,48.7
2024-12-14,Seattle,37.7,1,65.3
2024-12-15,New York,35.1,0,67.4
2024-12-15,Los Angeles,66.6,0,79.5
2024-12-15,Chicago,35.3,0,53.1
2024-12-15,Miami,58.7,1,74.0
2024-12-15,Seattle,33.3,1,75.7
2024-12-16,New York,43.0,0,58.6
2024-12-16,Los Angeles,49.7,1,48.1
2024-12-16,Chicago,43.5,1,42.4
2024-12-16,Miami,61.9,1,44.1
2024-12-16,Seattle,27.2,0,57.1
2024-12-17,New York,33.3,0,66.1
2024-12-17,Los Angeles,65.4,1,72.0
2024-12-17,Chicago,27.6,1,72.6
2024-12-17,Miami,60.1,1,67.2
2024-12-17,Seattle,27.0,1,64.6
2024-12-18,New York,44.6,0,79.7
2024-12-18,Los Angeles,63.9,0,70.1
2024-12-18,Chicago,25.1,0,70.4
2024-12-18,Miami,68.5,1,67.0
2024-12-18,Seattle,36.2,0,47.1
2024-12-19,New York,38.3,0,56.6
2024-12-19,Los Angeles,49.2,0,67.8
2024-12-19,Chicago,32.1,0,51.5
2024-12-19,Miami,67.3,0,62.6
2024-12-19,Seattle,45.2,0,73.3
2024-12-20,New York,47.7,0,54.0
2024-12-20,Los Angeles,54.4,0,54.9
2024-12-20,Chicago,29.0,0,74.2
2024-12-20,Miami,71.0,0,46.5
2024-12-20,Seattle,32.0,0,55.5
2024-12-21,New York,31.6,0,60.5
2024-12-21,Los Angeles,50.8,0,73.6
2024-12-21,Chicago,33.8,0,77.9
2024-12-21,Miami,53.5,0,47.8
2024-12-21,Seattle,32.1,0,62.2
2024-12-22,New York,44.5,0,71.8
2024-12-22,Los Angeles,60.1,0,74.0
2024-12-22,Chicago,26.0,0,76.4
2024-12-22,Miami,63.8,0,78.1
2024-12-22,Seattle,45.2,0,71.3
2024-12-23,New York,33.4,0,79.2
2024-12-23,Los Angeles,57.4,0,67.8
2024-12-23,Chicago,25.6,1,60.1
2024-12-23,Miami,53.5,1,60.6
2024-12-23,Seattle,36.6,1,53.9
2024-12-24,New York,30.9,1,60.1
2024-12-24,Los Angeles,59.2,0,59.2
2024-12-24,Chicago,40.4,0,40.1
2024-12-24,Miami,67.2,0,56.9
2024-12-24,Seattle,38.2,0,58.5
2024-12-25,New York,34.3,1,44.1
2024-12-25,Los Angeles,66.4,0,75.4
2024-12-25,Chicago,36.0,0,69.6
2024-12-25,Miami,54.4,0,48.5
2024-12-25,Seattle,40.3,0,42.7
2024-12-26,New York,43.7,0,56.1
2024-12-26,Los Angeles,50.3,0,72.9
2024-12-26,Chicago,42.1,0,77.9
2024-12-26,Miami,58.1,1,64.1
2024-12-26,Seattle,45.9,0,65.7
2024-12-27,New York,36.7,0,42.2
2024-12-27,Los Angeles,49.9,0,73.7
2024-12-27,Chicago,26.6,0,67.3
2024-12-27,Miami,56.2,0,64.4
2024-12-27,Seattle,27.8,1,73.1
2024-12-28,New York,37.9,0,69.2
2024-12-28,Los Angeles,56.3,0,78.9
2024-12-28,Chicago,34.6,0,79.0
2024-12-28,Miami,58.5,0,47.7
2024-12-28,Seattle,36.4,1,40.6
2024-12-29,New York,32.3,0,68.7
2024-12-29,Los Angeles,62.3,0,46.7
2024-12-29,Chicago,39.5,1,56.5
2024-12-29,Miami,59.7,0,61.0
2024-12-29,Seattle,40.0,1,42.7
2024-12-30,New York,36.8,0,56.3
2024-12-30,Los Angeles,47.9,0,57.5
2024-12-30,Chicago,36.1,1,48.5
2024-12-30,Miami,67.0,0,77.7
2024-12-30,Seattle,33.6,0,40.6
2024-12-31,New York,30.6,0,40.9
2024-12-31,Los Angeles,66.1,0,54.0
2024-12-31,Chicago,43.2,0,68.0
2024-12-31,Miami,67.4,0,42.1
2024-12-31,Seattle,40.8,1,66.1
